"No.","Time","Source","Destination","Protocol","Length","Info"
"1","0.000000000","117.18.237.29","192.168.1.106","TCP","66","80  >  40210 [ACK] Seq=1 Ack=1 Win=290 Len=0 TSval=2819306233 TSecr=571770037"
"2","0.000050755","192.168.1.106","117.18.237.29","TCP","66","[TCP ACKed unseen segment] 40210  >  80 [ACK] Seq=1 Ack=2 Win=266 Len=0 TSval=571830148 TSecr=2819296938"
"3","0.003112905","117.18.237.29","192.168.1.106","TCP","66","80  >  40100 [ACK] Seq=1 Ack=1 Win=304 Len=0 TSval=1617471111 TSecr=571770033"
"4","0.003164016","192.168.1.106","117.18.237.29","TCP","66","[TCP ACKed unseen segment] 40100  >  80 [ACK] Seq=1 Ack=2 Win=352 Len=0 TSval=571830152 TSecr=1617461763"
"5","0.609417505","34.215.39.189","192.168.1.106","TLSv1.2","97","Encrypted Alert"
"6","0.609862981","192.168.1.106","34.215.39.189","TLSv1.2","97","Encrypted Alert"
"7","0.609934779","192.168.1.106","34.215.39.189","TCP","66","48654  >  443 [FIN, ACK] Seq=32 Ack=32 Win=297 Len=0 TSval=3573159252 TSecr=327706747"
"8","0.613238006","34.215.39.189","192.168.1.106","TLSv1.2","97","Encrypted Alert"
"9","0.613304720","192.168.1.106","34.215.39.189","TCP","66","48658  >  443 [ACK] Seq=1 Ack=32 Win=317 Len=0 TSval=3573159256 TSecr=327706747"
"10","0.613341838","34.215.39.189","192.168.1.106","TLSv1.2","97","Encrypted Alert"
"11","0.613356114","192.168.1.106","34.215.39.189","TCP","66","48662  >  443 [ACK] Seq=1 Ack=32 Win=317 Len=0 TSval=3573159256 TSecr=327706747"
"12","0.613371135","34.215.39.189","192.168.1.106","TLSv1.2","97","Encrypted Alert"
"13","0.613384564","192.168.1.106","34.215.39.189","TCP","66","48656  >  443 [ACK] Seq=1 Ack=32 Win=317 Len=0 TSval=3573159256 TSecr=327706747"
"14","0.613397711","34.215.39.189","192.168.1.106","TLSv1.2","97","Encrypted Alert"
"15","0.613409567","192.168.1.106","34.215.39.189","TCP","66","48660  >  443 [ACK] Seq=1 Ack=32 Win=317 Len=0 TSval=3573159256 TSecr=327706747"
"16","0.613423849","34.215.39.189","192.168.1.106","TLSv1.2","97","Encrypted Alert"
"17","0.613434208","192.168.1.106","34.215.39.189","TCP","66","48652  >  443 [ACK] Seq=1 Ack=32 Win=297 Len=0 TSval=3573159256 TSecr=327706747"
"18","0.613745768","192.168.1.106","34.215.39.189","TLSv1.2","97","Encrypted Alert"
"19","0.613811807","192.168.1.106","34.215.39.189","TCP","66","48658  >  443 [FIN, ACK] Seq=32 Ack=32 Win=317 Len=0 TSval=3573159256 TSecr=327706747"
"20","0.614038931","192.168.1.106","34.215.39.189","TLSv1.2","97","Encrypted Alert"
"21","0.614075653","192.168.1.106","34.215.39.189","TCP","66","48662  >  443 [FIN, ACK] Seq=32 Ack=32 Win=317 Len=0 TSval=3573159256 TSecr=327706747"
"22","0.614612094","192.168.1.106","34.215.39.189","TLSv1.2","97","Encrypted Alert"
"23","0.614653575","192.168.1.106","34.215.39.189","TCP","66","48656  >  443 [FIN, ACK] Seq=32 Ack=32 Win=317 Len=0 TSval=3573159257 TSecr=327706747"
"24","0.614840169","192.168.1.106","34.215.39.189","TLSv1.2","97","Encrypted Alert"
"25","0.614867485","192.168.1.106","34.215.39.189","TCP","66","48660  >  443 [FIN, ACK] Seq=32 Ack=32 Win=317 Len=0 TSval=3573159257 TSecr=327706747"
"26","0.615037028","192.168.1.106","34.215.39.189","TLSv1.2","97","Encrypted Alert"
"27","0.615064021","192.168.1.106","34.215.39.189","TCP","66","48652  >  443 [FIN, ACK] Seq=32 Ack=32 Win=297 Len=0 TSval=3573159257 TSecr=327706747"
"28","0.850596113","192.168.1.106","117.18.237.29","TCP","66","[TCP Keep-Alive] [TCP ACKed unseen segment] 40210  >  80 [ACK] Seq=0 Ack=2 Win=266 Len=0 TSval=571830999 TSecr=2819296938"
"29","0.850651154","192.168.1.106","117.18.237.29","TCP","66","[TCP Keep-Alive] [TCP ACKed unseen segment] 40100  >  80 [ACK] Seq=0 Ack=2 Win=352 Len=0 TSval=571830999 TSecr=1617461763"
"30","0.862418477","117.18.237.29","192.168.1.106","TCP","66","[TCP Previous segment not captured] 80  >  40210 [ACK] Seq=2 Ack=1 Win=290 Len=0 TSval=2819307177 TSecr=571830148"
"31","0.869429492","117.18.237.29","192.168.1.106","TCP","66","[TCP Previous segment not captured] 80  >  40100 [ACK] Seq=2 Ack=1 Win=304 Len=0 TSval=1617472003 TSecr=571830152"
"32","0.873598687","34.215.39.189","192.168.1.106","TCP","66","443  >  48654 [FIN, ACK] Seq=32 Ack=32 Win=111 Len=0 TSval=327706851 TSecr=3573159252"
"33","0.873663693","192.168.1.106","34.215.39.189","TCP","66","48654  >  443 [ACK] Seq=33 Ack=33 Win=297 Len=0 TSval=3573159516 TSecr=327706851"
"34","0.877043182","34.215.39.189","192.168.1.106","TCP","66","443  >  48654 [ACK] Seq=33 Ack=33 Win=111 Len=0 TSval=327706851 TSecr=3573159252"
"35","0.884923028","34.215.39.189","192.168.1.106","TCP","66","443  >  48658 [FIN, ACK] Seq=32 Ack=32 Win=117 Len=0 TSval=327706854 TSecr=3573159256"
"36","0.885004947","192.168.1.106","34.215.39.189","TCP","66","48658  >  443 [ACK] Seq=33 Ack=33 Win=317 Len=0 TSval=3573159527 TSecr=327706854"
"37","0.887547693","34.215.39.189","192.168.1.106","TCP","66","443  >  48658 [ACK] Seq=33 Ack=33 Win=117 Len=0 TSval=327706854 TSecr=3573159256"
"38","0.918791359","34.215.39.189","192.168.1.106","TCP","66","443  >  48662 [FIN, ACK] Seq=32 Ack=32 Win=117 Len=0 TSval=327706855 TSecr=3573159256"
"39","0.918855332","192.168.1.106","34.215.39.189","TCP","66","48662  >  443 [ACK] Seq=33 Ack=33 Win=317 Len=0 TSval=3573159561 TSecr=327706855"
"40","0.920945459","34.215.39.189","192.168.1.106","TCP","66","443  >  48662 [ACK] Seq=33 Ack=33 Win=117 Len=0 TSval=327706855 TSecr=3573159256"
"41","0.921015816","34.215.39.189","192.168.1.106","TCP","66","443  >  48656 [FIN, ACK] Seq=32 Ack=32 Win=117 Len=0 TSval=327706856 TSecr=3573159257"
"42","0.921046758","192.168.1.106","34.215.39.189","TCP","66","48656  >  443 [ACK] Seq=33 Ack=33 Win=317 Len=0 TSval=3573159563 TSecr=327706856"
"43","0.921083485","34.215.39.189","192.168.1.106","TCP","66","443  >  48656 [ACK] Seq=33 Ack=33 Win=117 Len=0 TSval=327706856 TSecr=3573159257"
"44","0.921104073","34.215.39.189","192.168.1.106","TCP","66","443  >  48660 [FIN, ACK] Seq=32 Ack=32 Win=117 Len=0 TSval=327706856 TSecr=3573159257"
"45","0.921119346","192.168.1.106","34.215.39.189","TCP","66","48660  >  443 [ACK] Seq=33 Ack=33 Win=317 Len=0 TSval=3573159564 TSecr=327706856"
"46","0.921135095","34.215.39.189","192.168.1.106","TCP","66","443  >  48660 [ACK] Seq=33 Ack=33 Win=117 Len=0 TSval=327706856 TSecr=3573159257"
"47","0.921153946","34.215.39.189","192.168.1.106","TCP","66","443  >  48652 [FIN, ACK] Seq=32 Ack=32 Win=112 Len=0 TSval=327706857 TSecr=3573159257"
"48","0.921167746","192.168.1.106","34.215.39.189","TCP","66","48652  >  443 [ACK] Seq=33 Ack=33 Win=297 Len=0 TSval=3573159564 TSecr=327706857"
"49","0.921181125","34.215.39.189","192.168.1.106","TCP","66","443  >  48652 [ACK] Seq=33 Ack=33 Win=112 Len=0 TSval=327706857 TSecr=3573159257"
"50","1.106594225","192.168.1.106","117.18.237.29","TCP","66","40240  >  80 [ACK] Seq=1 Ack=1 Win=241 Len=0 TSval=571831255 TSecr=4088206510"
"51","1.106650872","192.168.1.106","34.208.191.228","TCP","66","48506  >  443 [ACK] Seq=1 Ack=1 Win=328 Len=0 TSval=3703872355 TSecr=493978259"
"52","1.106663685","192.168.1.106","34.208.191.228","TCP","66","48504  >  443 [ACK] Seq=1 Ack=1 Win=396 Len=0 TSval=3703872355 TSecr=493978257"
"53","1.106679828","192.168.1.106","117.18.237.29","TCP","66","40242  >  80 [ACK] Seq=1 Ack=1 Win=241 Len=0 TSval=571831255 TSecr=4044803657"
"54","1.114528947","117.18.237.29","192.168.1.106","TCP","66","[TCP ACKed unseen segment] 80  >  40240 [ACK] Seq=1 Ack=2 Win=285 Len=0 TSval=4088216730 TSecr=571769995"
"55","1.120551773","117.18.237.29","192.168.1.106","TCP","66","[TCP ACKed unseen segment] 80  >  40242 [ACK] Seq=1 Ack=2 Win=285 Len=0 TSval=4044813878 TSecr=571769994"
"56","1.529980650","34.208.191.228","192.168.1.106","TCP","66","[TCP ACKed unseen segment] 443  >  48504 [ACK] Seq=1 Ack=2 Win=111 Len=0 TSval=493980881 TSecr=3703809958"
"57","1.530413830","34.208.191.228","192.168.1.106","TCP","66","[TCP ACKed unseen segment] 443  >  48506 [ACK] Seq=1 Ack=2 Win=111 Len=0 TSval=493980881 TSecr=3703809805"
"58","1.537797166","148.251.87.170","192.168.1.106","TCP","66","80  >  36716 [ACK] Seq=1 Ack=1 Win=255 Len=0 TSval=804723955 TSecr=1045607172"
"59","1.537849348","192.168.1.106","148.251.87.170","TCP","66","[TCP ACKed unseen segment] 36716  >  80 [ACK] Seq=1 Ack=2 Win=295 Len=0 TSval=1045617315 TSecr=804716267"
"60","1.549408803","117.18.237.29","192.168.1.106","TCP","66","[TCP Keep-Alive] [TCP ACKed unseen segment] 80  >  40242 [ACK] Seq=0 Ack=2 Win=285 Len=0 TSval=4044814310 TSecr=571769994"
"61","1.549458796","192.168.1.106","117.18.237.29","TCP","66","[TCP Previous segment not captured] 40242  >  80 [ACK] Seq=2 Ack=1 Win=241 Len=0 TSval=571831698 TSecr=4044813878"
"62","1.837308791","117.18.237.29","192.168.1.106","TCP","66","[TCP Keep-Alive] [TCP ACKed unseen segment] 80  >  40240 [ACK] Seq=0 Ack=2 Win=285 Len=0 TSval=4088217424 TSecr=571769995"
"63","1.837343167","192.168.1.106","117.18.237.29","TCP","66","[TCP Previous segment not captured] 40240  >  80 [ACK] Seq=2 Ack=1 Win=241 Len=0 TSval=571831986 TSecr=4088216730"
"64","4.690584241","192.168.1.106","183.87.86.202","TCP","66","60336  >  80 [ACK] Seq=1 Ack=1 Win=243 Len=0 TSval=1630494492 TSecr=715632719"
"65","4.697345300","183.87.86.202","192.168.1.106","TCP","66","[TCP ACKed unseen segment] 80  >  60336 [ACK] Seq=1 Ack=2 Win=235 Len=0 TSval=715642959 TSecr=1630443498"
"66","11.090474784","192.168.1.106","117.18.237.29","TCP","66","[TCP Keep-Alive] [TCP ACKed unseen segment] 40210  >  80 [ACK] Seq=0 Ack=2 Win=266 Len=0 TSval=571841239 TSecr=2819307177"
"67","11.090510283","192.168.1.106","117.18.237.29","TCP","66","[TCP Keep-Alive] [TCP ACKed unseen segment] 40100  >  80 [ACK] Seq=0 Ack=2 Win=352 Len=0 TSval=571841239 TSecr=1617472003"
"68","11.098538814","117.18.237.29","192.168.1.106","TCP","66","[TCP Keep-Alive ACK] 80  >  40210 [ACK] Seq=2 Ack=1 Win=290 Len=0 TSval=2819317413 TSecr=571830148"
"69","11.106942646","117.18.237.29","192.168.1.106","TCP","66","[TCP Keep-Alive ACK] 80  >  40100 [ACK] Seq=2 Ack=1 Win=304 Len=0 TSval=1617482240 TSecr=571830152"
"70","11.346512496","192.168.1.106","117.18.237.29","TCP","66","[TCP Keep-Alive] 40240  >  80 [ACK] Seq=1 Ack=1 Win=241 Len=0 TSval=571841495 TSecr=4088216730"
"71","11.346553472","192.168.1.106","117.18.237.29","TCP","66","[TCP Keep-Alive] 40242  >  80 [ACK] Seq=1 Ack=1 Win=241 Len=0 TSval=571841495 TSecr=4044813878"
"72","11.355254367","117.18.237.29","192.168.1.106","TCP","66","[TCP Keep-Alive ACK] 80  >  40240 [ACK] Seq=1 Ack=2 Win=285 Len=0 TSval=4088226970 TSecr=571831986"
"73","11.359723837","117.18.237.29","192.168.1.106","TCP","66","[TCP Keep-Alive ACK] 80  >  40242 [ACK] Seq=1 Ack=2 Win=285 Len=0 TSval=4044824117 TSecr=571831698"
"74","11.606473386","192.168.1.106","34.208.191.228","TCP","66","[TCP Dup ACK 52#1] 48504  >  443 [ACK] Seq=1 Ack=1 Win=396 Len=0 TSval=3703882855 TSecr=493980881"
"75","11.606524532","192.168.1.106","34.208.191.228","TCP","66","[TCP Dup ACK 51#1] 48506  >  443 [ACK] Seq=1 Ack=1 Win=328 Len=0 TSval=3703882855 TSecr=493980881"
"76","11.683023336","148.251.87.170","192.168.1.106","TCP","66","[TCP Dup ACK 58#1] 80  >  36716 [ACK] Seq=1 Ack=1 Win=255 Len=0 TSval=804726491 TSecr=1045617315"
"77","11.683058285","192.168.1.106","148.251.87.170","TCP","66","[TCP Dup ACK 59#1] [TCP ACKed unseen segment] 36716  >  80 [ACK] Seq=1 Ack=2 Win=295 Len=0 TSval=1045627460 TSecr=804716267"
"78","11.975783489","192.168.1.107","192.168.1.255","NBNS","92","Name query NB ISATAP<00>"
"79","11.977873925","192.168.1.107","192.168.1.255","NBNS","92","Name query NB ISATAP<00>"
"80","11.977917480","34.208.191.228","192.168.1.106","TCP","66","[TCP Dup ACK 56#1] [TCP ACKed unseen segment] 443  >  48504 [ACK] Seq=1 Ack=2 Win=111 Len=0 TSval=493983505 TSecr=3703809958"
"81","11.978059142","34.208.191.228","192.168.1.106","TCP","66","[TCP Dup ACK 57#1] [TCP ACKed unseen segment] 443  >  48506 [ACK] Seq=1 Ack=2 Win=111 Len=0 TSval=493983507 TSecr=3703809805"
"82","12.589689933","192.168.1.107","192.168.1.255","NBNS","92","Name query NB ISATAP<00>"
"83","14.930598774","192.168.1.106","183.87.86.202","TCP","66","[TCP Dup ACK 64#1] 60336  >  80 [ACK] Seq=1 Ack=1 Win=243 Len=0 TSval=1630504732 TSecr=715642959"
"84","14.938419834","183.87.86.202","192.168.1.106","TCP","66","[TCP Dup ACK 65#1] [TCP ACKed unseen segment] 80  >  60336 [ACK] Seq=1 Ack=2 Win=235 Len=0 TSval=715653200 TSecr=1630443498"
"85","15.698492483","192.168.1.106","148.251.87.170","TCP","66","[TCP Keep-Alive] [TCP ACKed unseen segment] 36716  >  80 [ACK] Seq=0 Ack=2 Win=295 Len=0 TSval=1045631475 TSecr=804716267"
"86","15.866451981","148.251.87.170","192.168.1.106","TCP","66","[TCP Previous segment not captured] 80  >  36716 [ACK] Seq=2 Ack=1 Win=255 Len=0 TSval=804727530 TSecr=1045627460"
"87","17.411021245","192.168.1.106","185.199.108.154","TLSv1.2","112","Application Data"
"88","17.411613957","192.168.1.106","185.199.108.154","TLSv1.2","97","Encrypted Alert"
"89","17.420262130","185.199.108.154","192.168.1.106","TCP","66","443  >  38238 [ACK] Seq=1 Ack=79 Win=67 Len=0 TSval=163935716 TSecr=2324534643"
"90","17.421112875","185.199.108.154","192.168.1.106","TLSv1.2","97","Encrypted Alert"
"91","17.421171468","192.168.1.106","185.199.108.154","TCP","54","38238  >  443 [RST] Seq=79 Win=0 Len=0"
"92","17.421218308","185.199.108.154","192.168.1.106","TCP","66","443  >  38238 [FIN, ACK] Seq=32 Ack=79 Win=67 Len=0 TSval=163935716 TSecr=2324534643"
"93","17.421233848","192.168.1.106","185.199.108.154","TCP","54","38238  >  443 [RST] Seq=79 Win=0 Len=0"
"94","18.411761760","192.168.1.106","216.58.199.142","TLSv1.2","112","Application Data"
"95","18.412289963","192.168.1.106","216.58.199.142","TLSv1.2","97","Encrypted Alert"
"96","18.419348259","216.58.199.142","192.168.1.106","TCP","66","443  >  59370 [ACK] Seq=1 Ack=79 Win=279 Len=0 TSval=1111489702 TSecr=3714947979"
"97","18.419779259","216.58.199.142","192.168.1.106","TCP","66","443  >  59370 [FIN, ACK] Seq=1 Ack=79 Win=279 Len=0 TSval=1111489702 TSecr=3714947979"
"98","18.419837368","192.168.1.106","216.58.199.142","TCP","66","59370  >  443 [ACK] Seq=79 Ack=2 Win=318 Len=0 TSval=3714947987 TSecr=1111489702"
"99","21.330596634","192.168.1.106","117.18.237.29","TCP","66","[TCP Keep-Alive] 40210  >  80 [ACK] Seq=0 Ack=2 Win=266 Len=0 TSval=571851478 TSecr=2819317413"
"100","21.330660203","192.168.1.106","117.18.237.29","TCP","66","[TCP Keep-Alive] 40100  >  80 [ACK] Seq=0 Ack=2 Win=352 Len=0 TSval=571851478 TSecr=1617482240"
"101","21.339186216","117.18.237.29","192.168.1.106","TCP","66","[TCP Keep-Alive ACK] 80  >  40210 [ACK] Seq=2 Ack=1 Win=290 Len=0 TSval=2819327654 TSecr=571830148"
"102","21.345548953","117.18.237.29","192.168.1.106","TCP","66","[TCP Keep-Alive ACK] 80  >  40100 [ACK] Seq=2 Ack=1 Win=304 Len=0 TSval=1617492479 TSecr=571830152"
"103","21.586585825","192.168.1.106","117.18.237.29","TCP","66","[TCP Keep-Alive] 40240  >  80 [ACK] Seq=1 Ack=1 Win=241 Len=0 TSval=571851734 TSecr=4088226970"
"104","21.586639251","192.168.1.106","117.18.237.29","TCP","66","[TCP Keep-Alive] 40242  >  80 [ACK] Seq=1 Ack=1 Win=241 Len=0 TSval=571851734 TSecr=4044824117"
"105","21.595215999","117.18.237.29","192.168.1.106","TCP","66","[TCP Keep-Alive ACK] 80  >  40240 [ACK] Seq=1 Ack=2 Win=285 Len=0 TSval=4088237210 TSecr=571831986"
"106","21.596156150","117.18.237.29","192.168.1.106","TCP","66","[TCP Keep-Alive ACK] 80  >  40242 [ACK] Seq=1 Ack=2 Win=285 Len=0 TSval=4044834356 TSecr=571831698"
"107","22.098594528","192.168.1.106","34.208.191.228","TCP","66","[TCP Dup ACK 52#2] 48504  >  443 [ACK] Seq=1 Ack=1 Win=396 Len=0 TSval=3703893346 TSecr=493983505"
"108","22.098649030","192.168.1.106","34.208.191.228","TCP","66","[TCP Dup ACK 51#2] 48506  >  443 [ACK] Seq=1 Ack=1 Win=328 Len=0 TSval=3703893346 TSecr=493983507"
"109","22.101112243","148.251.87.170","192.168.1.106","TCP","66","[TCP Keep-Alive] 80  >  36716 [ACK] Seq=1 Ack=1 Win=255 Len=0 TSval=804729028 TSecr=1045627460"
"110","22.101162633","192.168.1.106","148.251.87.170","TCP","66","[TCP Keep-Alive ACK] 36716  >  80 [ACK] Seq=1 Ack=2 Win=295 Len=0 TSval=1045637878 TSecr=804727530"
"111","22.420432030","192.168.1.107","192.168.1.255","NBNS","92","Name query NB ISATAP<00>"
"112","22.422541478","34.208.191.228","192.168.1.106","TCP","66","[TCP Dup ACK 56#2] [TCP ACKed unseen segment] 443  >  48504 [ACK] Seq=1 Ack=2 Win=111 Len=0 TSval=493986128 TSecr=3703809958"
"113","22.423056550","34.208.191.228","192.168.1.106","TCP","66","[TCP Dup ACK 57#2] [TCP ACKed unseen segment] 443  >  48506 [ACK] Seq=1 Ack=2 Win=111 Len=0 TSval=493986129 TSecr=3703809805"
"114","25.170520886","192.168.1.106","183.87.86.202","TCP","66","[TCP Dup ACK 64#2] 60336  >  80 [ACK] Seq=1 Ack=1 Win=243 Len=0 TSval=1630514971 TSecr=715653200"
"115","25.177041056","183.87.86.202","192.168.1.106","TCP","66","[TCP Dup ACK 65#2] [TCP ACKed unseen segment] 80  >  60336 [ACK] Seq=1 Ack=2 Win=235 Len=0 TSval=715663439 TSecr=1630443498"
"116","31.570593465","192.168.1.106","117.18.237.29","TCP","66","[TCP Keep-Alive] 40210  >  80 [ACK] Seq=0 Ack=2 Win=266 Len=0 TSval=571861718 TSecr=2819327654"
"117","31.570646416","192.168.1.106","117.18.237.29","TCP","66","[TCP Keep-Alive] 40100  >  80 [ACK] Seq=0 Ack=2 Win=352 Len=0 TSval=571861718 TSecr=1617492479"
"118","31.580397576","117.18.237.29","192.168.1.106","TCP","66","[TCP Keep-Alive ACK] 80  >  40210 [ACK] Seq=2 Ack=1 Win=290 Len=0 TSval=2819337893 TSecr=571830148"
"119","31.588534767","117.18.237.29","192.168.1.106","TCP","66","[TCP Keep-Alive ACK] 80  >  40100 [ACK] Seq=2 Ack=1 Win=304 Len=0 TSval=1617502720 TSecr=571830152"
"120","31.826593705","192.168.1.106","117.18.237.29","TCP","66","[TCP Keep-Alive] 40240  >  80 [ACK] Seq=1 Ack=1 Win=241 Len=0 TSval=571861974 TSecr=4088237210"
"121","31.826646623","192.168.1.106","117.18.237.29","TCP","66","[TCP Keep-Alive] 40242  >  80 [ACK] Seq=1 Ack=1 Win=241 Len=0 TSval=571861974 TSecr=4044834356"
"122","31.834908582","117.18.237.29","192.168.1.106","TCP","66","[TCP Keep-Alive ACK] 80  >  40240 [ACK] Seq=1 Ack=2 Win=285 Len=0 TSval=4088247450 TSecr=571831986"
"123","31.836993021","117.18.237.29","192.168.1.106","TCP","66","[TCP Keep-Alive ACK] 80  >  40242 [ACK] Seq=1 Ack=2 Win=285 Len=0 TSval=4044844597 TSecr=571831698"
"124","32.250818335","148.251.87.170","192.168.1.106","TCP","66","[TCP Keep-Alive] 80  >  36716 [ACK] Seq=1 Ack=1 Win=255 Len=0 TSval=804731631 TSecr=1045637878"
"125","32.250861832","192.168.1.106","148.251.87.170","TCP","66","[TCP Keep-Alive ACK] 36716  >  80 [ACK] Seq=1 Ack=2 Win=295 Len=0 TSval=1045648027 TSecr=804727530"
"126","32.594548646","192.168.1.106","34.208.191.228","TCP","66","[TCP Dup ACK 52#3] 48504  >  443 [ACK] Seq=1 Ack=1 Win=396 Len=0 TSval=3703903842 TSecr=493986128"
"127","32.594630747","192.168.1.106","34.208.191.228","TCP","66","[TCP Dup ACK 51#3] 48506  >  443 [ACK] Seq=1 Ack=1 Win=328 Len=0 TSval=3703903842 TSecr=493986129"
"128","32.865175139","34.208.191.228","192.168.1.106","TCP","66","[TCP Dup ACK 56#3] [TCP ACKed unseen segment] 443  >  48504 [ACK] Seq=1 Ack=2 Win=111 Len=0 TSval=493988752 TSecr=3703809958"
"129","32.865762403","34.208.191.228","192.168.1.106","TCP","66","[TCP Dup ACK 57#3] [TCP ACKed unseen segment] 443  >  48506 [ACK] Seq=1 Ack=2 Win=111 Len=0 TSval=493988753 TSecr=3703809805"
"130","35.410595814","192.168.1.106","183.87.86.202","TCP","66","[TCP Dup ACK 64#3] 60336  >  80 [ACK] Seq=1 Ack=1 Win=243 Len=0 TSval=1630525211 TSecr=715663439"
"131","35.418024258","183.87.86.202","192.168.1.106","TCP","66","[TCP Dup ACK 65#3] [TCP ACKed unseen segment] 80  >  60336 [ACK] Seq=1 Ack=2 Win=235 Len=0 TSval=715673679 TSecr=1630443498"
"132","41.810584317","192.168.1.106","117.18.237.29","TCP","66","[TCP Keep-Alive] 40210  >  80 [ACK] Seq=0 Ack=2 Win=266 Len=0 TSval=571871958 TSecr=2819337893"
"133","41.810634271","192.168.1.106","117.18.237.29","TCP","66","[TCP Keep-Alive] 40100  >  80 [ACK] Seq=0 Ack=2 Win=352 Len=0 TSval=571871958 TSecr=1617502720"
"134","41.819202767","117.18.237.29","192.168.1.106","TCP","66","[TCP Keep-Alive ACK] 80  >  40210 [ACK] Seq=2 Ack=1 Win=290 Len=0 TSval=2819348133 TSecr=571830148"
"135","41.827530127","117.18.237.29","192.168.1.106","TCP","66","[TCP Keep-Alive ACK] 80  >  40100 [ACK] Seq=2 Ack=1 Win=304 Len=0 TSval=1617512961 TSecr=571830152"
"136","42.066585361","192.168.1.106","117.18.237.29","TCP","66","[TCP Keep-Alive] 40240  >  80 [ACK] Seq=1 Ack=1 Win=241 Len=0 TSval=571872214 TSecr=4088247450"
"137","42.066638820","192.168.1.106","117.18.237.29","TCP","66","[TCP Keep-Alive] 40242  >  80 [ACK] Seq=1 Ack=1 Win=241 Len=0 TSval=571872214 TSecr=4044844597"
"138","42.080762214","117.18.237.29","192.168.1.106","TCP","66","[TCP Keep-Alive ACK] 80  >  40240 [ACK] Seq=1 Ack=2 Win=285 Len=0 TSval=4088257690 TSecr=571831986"
"139","42.081245788","117.18.237.29","192.168.1.106","TCP","66","[TCP Keep-Alive ACK] 80  >  40242 [ACK] Seq=1 Ack=2 Win=285 Len=0 TSval=4044854837 TSecr=571831698"
"140","42.696087757","148.251.87.170","192.168.1.106","TCP","66","[TCP Keep-Alive] 80  >  36716 [ACK] Seq=1 Ack=1 Win=255 Len=0 TSval=804734170 TSecr=1045648027"
"141","42.696137645","192.168.1.106","148.251.87.170","TCP","66","[TCP Keep-Alive ACK] 36716  >  80 [ACK] Seq=1 Ack=2 Win=295 Len=0 TSval=1045658472 TSecr=804727530"
"142","43.090584099","192.168.1.106","34.208.191.228","TCP","66","[TCP Dup ACK 52#4] 48504  >  443 [ACK] Seq=1 Ack=1 Win=396 Len=0 TSval=3703914338 TSecr=493988752"
"143","43.090641807","192.168.1.106","34.208.191.228","TCP","66","[TCP Dup ACK 51#4] 48506  >  443 [ACK] Seq=1 Ack=1 Win=328 Len=0 TSval=3703914338 TSecr=493988753"
"144","43.618135291","34.208.191.228","192.168.1.106","TCP","66","[TCP Dup ACK 56#4] [TCP ACKed unseen segment] 443  >  48504 [ACK] Seq=1 Ack=2 Win=111 Len=0 TSval=493991376 TSecr=3703809958"
"145","43.618645479","34.208.191.228","192.168.1.106","TCP","66","[TCP Dup ACK 57#4] [TCP ACKed unseen segment] 443  >  48506 [ACK] Seq=1 Ack=2 Win=111 Len=0 TSval=493991377 TSecr=3703809805"
"146","45.650586780","192.168.1.106","183.87.86.202","TCP","66","[TCP Dup ACK 64#4] 60336  >  80 [ACK] Seq=1 Ack=1 Win=243 Len=0 TSval=1630535451 TSecr=715673679"
"147","45.658827028","183.87.86.202","192.168.1.106","TCP","66","[TCP Dup ACK 65#4] [TCP ACKed unseen segment] 80  >  60336 [ACK] Seq=1 Ack=2 Win=235 Len=0 TSval=715683919 TSecr=1630443498"
"148","46.930575593","IntelCor_47:5c:93","BestItWo_bc:b1:20","ARP","42","Who has 192.168.1.1? Tell 192.168.1.106"
"149","46.932864145","BestItWo_bc:b1:20","IntelCor_47:5c:93","ARP","42","192.168.1.1 is at 00:1e:a6:bc:b1:20"
"150","52.050614279","192.168.1.106","117.18.237.29","TCP","66","[TCP Keep-Alive] 40210  >  80 [ACK] Seq=0 Ack=2 Win=266 Len=0 TSval=571882198 TSecr=2819348133"
"151","52.050672290","192.168.1.106","117.18.237.29","TCP","66","[TCP Keep-Alive] 40100  >  80 [ACK] Seq=0 Ack=2 Win=352 Len=0 TSval=571882198 TSecr=1617512961"
"152","52.058988349","117.18.237.29","192.168.1.106","TCP","66","[TCP Keep-Alive ACK] 80  >  40210 [ACK] Seq=2 Ack=1 Win=290 Len=0 TSval=2819358373 TSecr=571830148"
"153","52.066015031","117.18.237.29","192.168.1.106","TCP","66","[TCP Keep-Alive ACK] 80  >  40100 [ACK] Seq=2 Ack=1 Win=304 Len=0 TSval=1617523198 TSecr=571830152"
"154","52.306593571","192.168.1.106","117.18.237.29","TCP","66","[TCP Keep-Alive] 40240  >  80 [ACK] Seq=1 Ack=1 Win=241 Len=0 TSval=571882454 TSecr=4088257690"
"155","52.306647222","192.168.1.106","117.18.237.29","TCP","66","[TCP Keep-Alive] 40242  >  80 [ACK] Seq=1 Ack=1 Win=241 Len=0 TSval=571882454 TSecr=4044854837"
"156","52.314910952","117.18.237.29","192.168.1.106","TCP","66","[TCP Keep-Alive ACK] 80  >  40240 [ACK] Seq=1 Ack=2 Win=285 Len=0 TSval=4088267929 TSecr=571831986"
"157","52.317941457","117.18.237.29","192.168.1.106","TCP","66","[TCP Keep-Alive ACK] 80  >  40242 [ACK] Seq=1 Ack=2 Win=285 Len=0 TSval=4044865077 TSecr=571831698"
"158","53.142196257","148.251.87.170","192.168.1.106","TCP","66","[TCP Keep-Alive] 80  >  36716 [ACK] Seq=1 Ack=1 Win=255 Len=0 TSval=804736784 TSecr=1045658472"
"159","53.142281751","192.168.1.106","148.251.87.170","TCP","66","[TCP Keep-Alive ACK] 36716  >  80 [ACK] Seq=1 Ack=2 Win=295 Len=0 TSval=1045668918 TSecr=804727530"
"160","53.842594049","192.168.1.106","34.208.191.228","TCP","66","[TCP Dup ACK 52#5] 48504  >  443 [ACK] Seq=1 Ack=1 Win=396 Len=0 TSval=3703925090 TSecr=493991376"
"161","53.842646651","192.168.1.106","34.208.191.228","TCP","66","[TCP Dup ACK 51#5] 48506  >  443 [ACK] Seq=1 Ack=1 Win=328 Len=0 TSval=3703925090 TSecr=493991377"
"162","54.369991901","34.208.191.228","192.168.1.106","TCP","66","[TCP Dup ACK 56#5] [TCP ACKed unseen segment] 443  >  48504 [ACK] Seq=1 Ack=2 Win=111 Len=0 TSval=493994064 TSecr=3703809958"
"163","54.370370940","34.208.191.228","192.168.1.106","TCP","66","[TCP Dup ACK 57#5] [TCP ACKed unseen segment] 443  >  48506 [ACK] Seq=1 Ack=2 Win=111 Len=0 TSval=493994065 TSecr=3703809805"
"164","54.412990629","192.168.1.106","34.208.191.228","TLSv1.2","97","[TCP Previous segment not captured] , Encrypted Alert"
"165","54.413067043","192.168.1.106","34.208.191.228","TCP","66","48504  >  443 [FIN, ACK] Seq=33 Ack=1 Win=396 Len=0 TSval=3703925660 TSecr=493994064"
"166","54.413346146","192.168.1.106","34.208.191.228","TLSv1.2","97","[TCP Previous segment not captured] , Encrypted Alert"
"167","54.413380921","192.168.1.106","34.208.191.228","TCP","66","48506  >  443 [FIN, ACK] Seq=33 Ack=1 Win=328 Len=0 TSval=3703925660 TSecr=493994065"
"168","55.002583797","34.208.191.228","192.168.1.106","TCP","66","[TCP ACKed unseen segment] 443  >  48504 [ACK] Seq=1 Ack=33 Win=111 Len=0 TSval=493994207 TSecr=3703925660"
"169","55.005493674","34.208.191.228","192.168.1.106","TLSv1.2","97","Encrypted Alert"
"170","55.005571331","192.168.1.106","34.208.191.228","TCP","54","48504  >  443 [RST] Seq=33 Win=0 Len=0"
"171","55.005619781","34.208.191.228","192.168.1.106","TCP","66","443  >  48504 [FIN, ACK] Seq=32 Ack=33 Win=111 Len=0 TSval=493994207 TSecr=3703925660"
"172","55.005637803","192.168.1.106","34.208.191.228","TCP","54","48504  >  443 [RST] Seq=33 Win=0 Len=0"
"173","55.005653053","34.208.191.228","192.168.1.106","TCP","66","443  >  48504 [ACK] Seq=33 Ack=34 Win=111 Len=0 TSval=493994207 TSecr=3703925660"
"174","55.005661895","192.168.1.106","34.208.191.228","TCP","54","48504  >  443 [RST] Seq=34 Win=0 Len=0"
"175","55.005674545","34.208.191.228","192.168.1.106","TLSv1.2","97","[TCP ACKed unseen segment] , Encrypted Alert"
"176","55.005697871","192.168.1.106","34.208.191.228","TCP","54","48506  >  443 [RST] Seq=33 Win=0 Len=0"
"177","55.005714017","34.208.191.228","192.168.1.106","TCP","66","443  >  48506 [FIN, ACK] Seq=32 Ack=33 Win=111 Len=0 TSval=493994208 TSecr=3703925660"
"178","55.005726184","192.168.1.106","34.208.191.228","TCP","54","48506  >  443 [RST] Seq=33 Win=0 Len=0"
"179","55.005739017","34.208.191.228","192.168.1.106","TCP","66","443  >  48506 [ACK] Seq=33 Ack=34 Win=111 Len=0 TSval=493994209 TSecr=3703925660"
"180","55.005747748","192.168.1.106","34.208.191.228","TCP","54","48506  >  443 [RST] Seq=34 Win=0 Len=0"
"181","55.413515383","192.168.1.106","117.18.237.29","TCP","66","40100  >  80 [FIN, ACK] Seq=1 Ack=2 Win=352 Len=0 TSval=571885560 TSecr=1617523198"
"182","55.413610552","192.168.1.106","117.18.237.29","TCP","66","40210  >  80 [FIN, ACK] Seq=1 Ack=2 Win=266 Len=0 TSval=571885561 TSecr=2819358373"
"183","55.413643740","192.168.1.106","117.18.237.29","TCP","66","40242  >  80 [FIN, ACK] Seq=2 Ack=1 Win=241 Len=0 TSval=571885561 TSecr=4044865077"
"184","55.413671362","192.168.1.106","117.18.237.29","TCP","66","40240  >  80 [FIN, ACK] Seq=2 Ack=1 Win=241 Len=0 TSval=571885561 TSecr=4088267929"
"185","55.426351065","117.18.237.29","192.168.1.106","TCP","66","80  >  40210 [FIN, ACK] Seq=2 Ack=2 Win=290 Len=0 TSval=2819361739 TSecr=571885561"
"186","55.426414207","192.168.1.106","117.18.237.29","TCP","66","40210  >  80 [ACK] Seq=2 Ack=3 Win=266 Len=0 TSval=571885573 TSecr=2819361739"
"187","55.426952928","117.18.237.29","192.168.1.106","TCP","66","80  >  40242 [FIN, ACK] Seq=1 Ack=3 Win=285 Len=0 TSval=4044868185 TSecr=571885561"
"188","55.426996013","192.168.1.106","117.18.237.29","TCP","66","40242  >  80 [ACK] Seq=3 Ack=2 Win=241 Len=0 TSval=571885574 TSecr=4044868185"
"189","55.427592573","117.18.237.29","192.168.1.106","TCP","66","80  >  40240 [FIN, ACK] Seq=1 Ack=3 Win=285 Len=0 TSval=4088271041 TSecr=571885561"
"190","55.427653957","192.168.1.106","117.18.237.29","TCP","66","40240  >  80 [ACK] Seq=3 Ack=2 Win=241 Len=0 TSval=571885575 TSecr=4088271041"
"191","55.434925435","117.18.237.29","192.168.1.106","TCP","66","80  >  40100 [FIN, ACK] Seq=2 Ack=2 Win=304 Len=0 TSval=1617526562 TSecr=571885560"
"192","55.435025811","192.168.1.106","117.18.237.29","TCP","66","40100  >  80 [ACK] Seq=2 Ack=3 Win=352 Len=0 TSval=571885582 TSecr=1617526562"
"193","55.890585402","192.168.1.106","183.87.86.202","TCP","66","[TCP Dup ACK 64#5] 60336  >  80 [ACK] Seq=1 Ack=1 Win=243 Len=0 TSval=1630545690 TSecr=715683919"
"194","55.896391842","183.87.86.202","192.168.1.106","TCP","66","[TCP Dup ACK 65#5] [TCP ACKed unseen segment] 80  >  60336 [ACK] Seq=1 Ack=2 Win=235 Len=0 TSval=715694158 TSecr=1630443498"
"195","57.087145179","192.168.1.106","120.138.96.18","DNS","111","Standard query 0x8c1b A blocklists.settings.services.mozilla.com OPT"
"196","57.087738939","192.168.1.106","120.138.96.18","DNS","111","Standard query 0x0ff3 AAAA blocklists.settings.services.mozilla.com OPT"
"197","57.093355768","120.138.96.18","192.168.1.106","DNS","208","Standard query response 0x8c1b A blocklists.settings.services.mozilla.com CNAME blocklists-settings.prod.mozaws.net A 52.39.124.29 A 34.209.222.186 A 35.162.36.4 OPT"
"198","57.094338853","120.138.96.18","192.168.1.106","DNS","242","Standard query response 0x0ff3 AAAA blocklists.settings.services.mozilla.com CNAME blocklists-settings.prod.mozaws.net SOA ns-1260.awsdns-29.org OPT"
"199","57.095019278","192.168.1.106","120.138.96.18","DNS","106","Standard query 0xae34 AAAA blocklists-settings.prod.mozaws.net OPT"
"200","57.104029649","120.138.96.18","192.168.1.106","DNS","191","Standard query response 0xae34 AAAA blocklists-settings.prod.mozaws.net SOA ns-1260.awsdns-29.org OPT"
"201","57.105409440","192.168.1.106","35.162.36.4","TCP","74","59624  >  443 [SYN] Seq=0 Win=29200 Len=0 MSS=1460 SACK_PERM=1 TSval=524421017 TSecr=0 WS=128"
"202","57.183620191","HonHaiPr_07:4d:5d","Broadcast","ARP","42","Who has 192.168.1.1? Tell 192.168.1.107"
"203","57.356160564","192.168.1.106","35.162.36.4","TCP","74","59626  >  443 [SYN] Seq=0 Win=29200 Len=0 MSS=1460 SACK_PERM=1 TSval=524421268 TSecr=0 WS=128"
"204","57.370259125","35.162.36.4","192.168.1.106","TCP","74","443  >  59624 [SYN, ACK] Seq=0 Ack=1 Win=26847 Len=0 MSS=1420 SACK_PERM=1 TSval=154313303 TSecr=524421017 WS=256"
"205","57.370357686","192.168.1.106","35.162.36.4","TCP","66","59624  >  443 [ACK] Seq=1 Ack=1 Win=29312 Len=0 TSval=524421282 TSecr=154313303"
"206","57.370972405","192.168.1.106","35.162.36.4","TLSv1.2","289","Client Hello"
"207","57.749207276","35.162.36.4","192.168.1.106","TCP","74","443  >  59626 [SYN, ACK] Seq=0 Ack=1 Win=26847 Len=0 MSS=1420 SACK_PERM=1 TSval=154313380 TSecr=524421268 WS=256"
"208","57.749297103","192.168.1.106","35.162.36.4","TCP","66","59626  >  443 [ACK] Seq=1 Ack=1 Win=29312 Len=0 TSval=524421661 TSecr=154313380"
"209","57.749875637","192.168.1.106","35.162.36.4","TLSv1.2","289","Client Hello"
"210","57.751438216","35.162.36.4","192.168.1.106","TCP","66","443  >  59624 [ACK] Seq=1 Ack=224 Win=27136 Len=0 TSval=154313384 TSecr=524421283"
"211","57.751507184","35.162.36.4","192.168.1.106","TLSv1.2","3478","Server Hello, Certificate, Server Key Exchange, Server Hello Done"
"212","57.751552373","192.168.1.106","35.162.36.4","TCP","66","59624  >  443 [ACK] Seq=224 Ack=3413 Win=36096 Len=0 TSval=524421663 TSecr=154313385"
"213","57.763182396","192.168.1.106","120.138.96.18","DNS","89","Standard query 0x9362 AAAA cs9.wac.phicdn.net OPT"
"214","57.764359390","192.168.1.106","35.162.36.4","TLSv1.2","192","Client Key Exchange, Change Cipher Spec, Encrypted Handshake Message"
"215","57.764820036","192.168.1.106","117.18.237.29","TCP","74","40276  >  80 [SYN] Seq=0 Win=29200 Len=0 MSS=1460 SACK_PERM=1 TSval=571887912 TSecr=0 WS=128"
"216","57.770434596","120.138.96.18","192.168.1.106","DNS","157","Standard query response 0x9362 AAAA cs9.wac.phicdn.net SOA ns1.edgecastcdn.net OPT"
"217","57.774869773","117.18.237.29","192.168.1.106","TCP","74","80  >  40276 [SYN, ACK] Seq=0 Ack=1 Win=65535 Len=0 MSS=1420 SACK_PERM=1 TSval=1232415394 TSecr=571887912 WS=512"
"218","57.774943752","192.168.1.106","117.18.237.29","TCP","66","40276  >  80 [ACK] Seq=1 Ack=1 Win=29312 Len=0 TSval=571887922 TSecr=1232415394"
"219","57.775352443","192.168.1.106","117.18.237.29","OCSP","445","Request"
"220","57.786704313","117.18.237.29","192.168.1.106","TCP","66","80  >  40276 [ACK] Seq=1 Ack=380 Win=145920 Len=0 TSval=1232415404 TSecr=571887922"
"221","57.789777409","117.18.237.29","192.168.1.106","OCSP","853","Response"
"222","57.789844624","192.168.1.106","117.18.237.29","TCP","66","40276  >  80 [ACK] Seq=380 Ack=788 Win=30848 Len=0 TSval=571887937 TSecr=1232415405"
"223","57.794253827","192.168.1.106","35.162.36.4","TLSv1.2","624","Application Data"
"224","58.062035232","35.162.36.4","192.168.1.106","TCP","66","443  >  59626 [ACK] Seq=1 Ack=224 Win=28160 Len=0 TSval=154313479 TSecr=524421662"
"225","58.067514223","35.162.36.4","192.168.1.106","TLSv1.2","3478","Server Hello, Certificate, Server Key Exchange, Server Hello Done"
"226","58.067590167","192.168.1.106","35.162.36.4","TCP","66","59626  >  443 [ACK] Seq=224 Ack=3413 Win=36096 Len=0 TSval=524421979 TSecr=154313479"
"227","58.067651876","35.162.36.4","192.168.1.106","TLSv1.2","117","Change Cipher Spec, Encrypted Handshake Message"
"228","58.078507360","35.162.36.4","192.168.1.106","TLSv1.2","662","Application Data"
"229","58.078565716","192.168.1.106","35.162.36.4","TLSv1.2","192","Client Key Exchange, Change Cipher Spec, Encrypted Handshake Message"
"230","58.079056710","192.168.1.106","35.162.36.4","TCP","66","59624  >  443 [ACK] Seq=908 Ack=4060 Win=38656 Len=0 TSval=524421991 TSecr=154313482"
"231","58.364004309","35.162.36.4","192.168.1.106","TLSv1.2","117","Change Cipher Spec, Encrypted Handshake Message"
"232","58.406565578","192.168.1.106","35.162.36.4","TCP","66","59626  >  443 [ACK] Seq=350 Ack=3464 Win=36096 Len=0 TSval=524422318 TSecr=154313561"
"233","58.480514553","192.168.1.106","120.138.96.18","DNS","81","Standard query 0x2c58 A github.com OPT"
"234","58.486278473","120.138.96.18","192.168.1.106","DNS","113","Standard query response 0x2c58 A github.com A 192.30.253.112 A 192.30.253.113 OPT"
"235","58.488945617","192.168.1.106","192.30.253.112","TCP","74","58130  >  443 [SYN] Seq=0 Win=29200 Len=0 MSS=1460 SACK_PERM=1 TSval=2749449431 TSecr=0 WS=128"
"236","58.978377237","192.30.253.112","192.168.1.106","TCP","74","443  >  58130 [SYN, ACK] Seq=0 Ack=1 Win=28480 Len=0 MSS=1420 SACK_PERM=1 TSval=1217220102 TSecr=2749449431 WS=1024"
"237","58.978463718","192.168.1.106","192.30.253.112","TCP","66","58130  >  443 [ACK] Seq=1 Ack=1 Win=29312 Len=0 TSval=2749449920 TSecr=1217220102"
"238","59.036833938","192.168.1.106","192.30.253.112","TLSv1.2","334","Client Hello"
"239","59.285031121","192.30.253.112","192.168.1.106","TLSv1.2","1474","Server Hello"
"240","59.285106881","192.168.1.106","192.30.253.112","TCP","66","58130  >  443 [ACK] Seq=269 Ack=1409 Win=32128 Len=0 TSval=2749450227 TSecr=1217220239"
"241","59.285926892","192.30.253.112","192.168.1.106","TLSv1.2","2212","Certificate, Server Key Exchange, Server Hello Done"
"242","59.285966976","192.168.1.106","192.30.253.112","TCP","66","58130  >  443 [ACK] Seq=269 Ack=3555 Win=36352 Len=0 TSval=2749450228 TSecr=1217220239"
"243","59.291627629","192.168.1.106","192.30.253.112","TLSv1.2","141","Client Key Exchange"
"244","59.292018597","192.168.1.106","192.30.253.112","TLSv1.2","117","Change Cipher Spec, Encrypted Handshake Message"
"245","59.592131543","192.30.253.112","192.168.1.106","TCP","66","443  >  58130 [ACK] Seq=3555 Ack=395 Win=29696 Len=0 TSval=1217220302 TSecr=2749450233"
"246","59.592692659","192.30.253.112","192.168.1.106","TLSv1.2","117","Change Cipher Spec, Encrypted Handshake Message"
"247","59.596651757","192.168.1.106","192.30.253.112","TLSv1.2","296","Application Data"
"248","59.899301757","192.30.253.112","192.168.1.106","TLSv1.2","439","Application Data"
"249","59.900180383","192.30.253.112","192.168.1.106","TLSv1.2","140","Application Data"
"250","59.900238625","192.30.253.112","192.168.1.106","TLSv1.2","366","Application Data"
"251","59.900252609","192.30.253.112","192.168.1.106","TLSv1.2","99","Application Data"
"252","59.900263672","192.30.253.112","192.168.1.106","TLSv1.2","160","Application Data"
"253","59.900273568","192.30.253.112","192.168.1.106","TLSv1.2","104","Application Data"
"254","59.900284072","192.30.253.112","192.168.1.106","TLSv1.2","100","Application Data"
"255","59.900561624","192.168.1.106","192.30.253.112","TCP","66","58130  >  443 [ACK] Seq=625 Ack=4552 Win=41984 Len=0 TSval=2749450842 TSecr=1217220386"
"256","59.911542584","192.168.1.106","192.30.253.112","TLSv1.2","500","Application Data"
"257","60.206990962","192.30.253.112","192.168.1.106","TLSv1.2","432","Application Data"
"258","60.208817511","192.30.253.112","192.168.1.106","TLSv1.2","98","Application Data"
"259","60.208849433","192.30.253.112","192.168.1.106","TLSv1.2","105","Application Data"
"260","60.208861742","192.30.253.112","192.168.1.106","TLSv1.2","98","Application Data"
"261","60.208875700","192.30.253.112","192.168.1.106","TLSv1.2","272","Application Data"
"262","60.208887810","192.30.253.112","192.168.1.106","TLSv1.2","986","Application Data"
"263","60.208914676","192.168.1.106","192.30.253.112","TCP","66","58130  >  443 [ACK] Seq=1059 Ack=6147 Win=50432 Len=0 TSval=2749451151 TSecr=1217220466"
"264","60.208964469","192.30.253.112","192.168.1.106","TLSv1.2","98","Application Data"
"265","60.208978811","192.30.253.112","192.168.1.106","TLSv1.2","102","Application Data"
"266","60.209319173","192.168.1.106","192.30.253.112","TCP","66","58130  >  443 [ACK] Seq=1059 Ack=6215 Win=50432 Len=0 TSval=2749451151 TSecr=1217220469"
"267","60.515223331","192.30.253.112","192.168.1.106","TLSv1.2","1474","[TCP Previous segment not captured] , Application Data"
"268","60.515279282","192.168.1.106","192.30.253.112","TCP","78","[TCP Window Update] 58130  >  443 [ACK] Seq=1059 Ack=6215 Win=53248 Len=0 TSval=2749451457 TSecr=1217220469 SLE=10026 SRE=11434"
"269","60.517301112","192.30.253.112","192.168.1.106","TLSv1.2","13749","Application Data, Application Data, Application Data, Application Data, Application Data, Application Data, Application Data, Application Data, Application Data, Application Data, Application Data, Application Data, Application Data, Application Data"
"270","60.517371305","192.168.1.106","192.30.253.112","TCP","78","[TCP Window Update] 58130  >  443 [ACK] Seq=1059 Ack=6215 Win=80640 Len=0 TSval=2749451459 TSecr=1217220469 SLE=10026 SRE=25117"
"271","60.754600092","192.168.1.106","148.251.87.170","TCP","66","[TCP Keep-Alive] 36716  >  80 [ACK] Seq=0 Ack=2 Win=295 Len=0 TSval=1045676530 TSecr=804727530"
"272","60.756150136","192.30.253.112","192.168.1.106","TCP","743","[TCP Out-Of-Order] 443  >  58130 [PSH, ACK] Seq=6215 Ack=1059 Win=31744 Len=677 TSval=1217220608 TSecr=2749451457"
"273","60.756222154","192.168.1.106","192.30.253.112","TCP","78","58130  >  443 [ACK] Seq=1059 Ack=6892 Win=83456 Len=0 TSval=2749451698 TSecr=1217220608 SLE=10026 SRE=25117"
"274","60.757369339","192.30.253.112","192.168.1.106","TCP","105","[TCP Out-Of-Order] 443  >  58130 [PSH, ACK] Seq=6892 Ack=1059 Win=31744 Len=39 TSval=1217220609 TSecr=2749451459"
"275","60.757440933","192.168.1.106","192.30.253.112","TCP","78","58130  >  443 [ACK] Seq=1059 Ack=6931 Win=83456 Len=0 TSval=2749451699 TSecr=1217220609 SLE=10026 SRE=25117"
"276","60.757492433","192.30.253.112","192.168.1.106","TCP","100","[TCP Out-Of-Order] 443  >  58130 [PSH, ACK] Seq=6931 Ack=1059 Win=31744 Len=34 TSval=1217220609 TSecr=2749451459"
"277","60.757515019","192.168.1.106","192.30.253.112","TCP","78","58130  >  443 [ACK] Seq=1059 Ack=6965 Win=83456 Len=0 TSval=2749451699 TSecr=1217220609 SLE=10026 SRE=25117"
"278","60.757540481","192.30.253.112","192.168.1.106","TCP","784","[TCP Out-Of-Order] 443  >  58130 [PSH, ACK] Seq=6965 Ack=1059 Win=31744 Len=718 TSval=1217220609 TSecr=2749451459"
"279","60.757557411","192.168.1.106","192.30.253.112","TCP","78","58130  >  443 [ACK] Seq=1059 Ack=7683 Win=86272 Len=0 TSval=2749451699 TSecr=1217220609 SLE=10026 SRE=25117"
"280","60.757578586","192.30.253.112","192.168.1.106","TCP","100","[TCP Out-Of-Order] 443  >  58130 [PSH, ACK] Seq=7683 Ack=1059 Win=31744 Len=34 TSval=1217220609 TSecr=2749451459"
"281","60.757597912","192.168.1.106","192.30.253.112","TCP","78","58130  >  443 [ACK] Seq=1059 Ack=7717 Win=86272 Len=0 TSval=2749451699 TSecr=1217220609 SLE=10026 SRE=25117"
"282","60.757621174","192.30.253.112","192.168.1.106","TCP","908","[TCP Out-Of-Order] 443  >  58130 [PSH, ACK] Seq=7717 Ack=1059 Win=31744 Len=842 TSval=1217220609 TSecr=2749451459"
"283","60.757638525","192.168.1.106","192.30.253.112","TCP","78","58130  >  443 [ACK] Seq=1059 Ack=8559 Win=89088 Len=0 TSval=2749451699 TSecr=1217220609 SLE=10026 SRE=25117"
"284","60.757657356","192.30.253.112","192.168.1.106","TCP","98","[TCP Out-Of-Order] 443  >  58130 [PSH, ACK] Seq=8559 Ack=1059 Win=31744 Len=32 TSval=1217220609 TSecr=2749451459"
"285","60.757677251","192.168.1.106","192.30.253.112","TCP","78","58130  >  443 [ACK] Seq=1059 Ack=8591 Win=89088 Len=0 TSval=2749451699 TSecr=1217220609 SLE=10026 SRE=25117"
"286","60.757698360","192.30.253.112","192.168.1.106","TCP","102","[TCP Out-Of-Order] 443  >  58130 [PSH, ACK] Seq=8591 Ack=1059 Win=31744 Len=36 TSval=1217220609 TSecr=2749451459"
"287","60.757714156","192.168.1.106","192.30.253.112","TCP","78","58130  >  443 [ACK] Seq=1059 Ack=8627 Win=89088 Len=0 TSval=2749451700 TSecr=1217220609 SLE=10026 SRE=25117"
"288","60.757739681","192.30.253.112","192.168.1.106","TCP","1465","[TCP Out-Of-Order] 443  >  58130 [PSH, ACK] Seq=8627 Ack=1059 Win=31744 Len=1399 TSval=1217220609 TSecr=2749451459"
"289","60.757761874","192.168.1.106","192.30.253.112","TCP","66","58130  >  443 [ACK] Seq=1059 Ack=25117 Win=91904 Len=0 TSval=2749451700 TSecr=1217220609"
"290","60.803731345","192.168.1.106","192.30.253.112","TLSv1.2","97","Encrypted Alert"
"291","60.815005270","192.168.1.106","192.30.253.112","TCP","66","58130  >  443 [FIN, ACK] Seq=1090 Ack=25117 Win=91904 Len=0 TSval=2749451757 TSecr=1217220609"
"292","60.894714379","148.251.87.170","192.168.1.106","TCP","66","[TCP Keep-Alive ACK] 80  >  36716 [ACK] Seq=2 Ack=1 Win=255 Len=0 TSval=804738794 TSecr=1045668918"
"293","61.026050057","192.30.253.112","192.168.1.106","TLSv1.2","97","Encrypted Alert"
"294","61.026132333","192.168.1.106","192.30.253.112","TCP","54","58130  >  443 [RST] Seq=1090 Win=0 Len=0"
"295","61.026779223","192.30.253.112","192.168.1.106","TCP","66","443  >  58130 [FIN, ACK] Seq=25148 Ack=1090 Win=31744 Len=0 TSval=1217220680 TSecr=2749451746"
"296","61.026836813","192.168.1.106","192.30.253.112","TCP","54","58130  >  443 [RST] Seq=1090 Win=0 Len=0"
"297","61.027519845","192.30.253.112","192.168.1.106","TCP","66","443  >  58130 [ACK] Seq=25149 Ack=1091 Win=31744 Len=0 TSval=1217220683 TSecr=2749451757"
"298","61.027576358","192.168.1.106","192.30.253.112","TCP","54","58130  >  443 [RST] Seq=1091 Win=0 Len=0"
"299","63.372326482","192.168.1.106","35.162.36.4","TLSv1.2","97","Encrypted Alert"
"300","63.372403216","192.168.1.106","35.162.36.4","TCP","66","59626  >  443 [FIN, ACK] Seq=381 Ack=3464 Win=36096 Len=0 TSval=524427284 TSecr=154313561"
"301","63.375425386","148.251.87.170","192.168.1.106","TCP","66","[TCP Keep-Alive] 80  >  36716 [ACK] Seq=1 Ack=1 Win=255 Len=0 TSval=804739392 TSecr=1045668918"
"302","63.375476982","192.168.1.106","148.251.87.170","TCP","66","[TCP Keep-Alive ACK] 36716  >  80 [ACK] Seq=1 Ack=2 Win=295 Len=0 TSval=1045679151 TSecr=804738794"
"303","63.893032862","35.162.36.4","192.168.1.106","TCP","66","[TCP Previous segment not captured] 443  >  59626 [FIN, ACK] Seq=3495 Ack=382 Win=28160 Len=0 TSval=154314885 TSecr=524427284"
"304","63.893113880","192.168.1.106","35.162.36.4","TCP","54","59626  >  443 [RST] Seq=382 Win=0 Len=0"
"305","66.130460461","192.168.1.106","183.87.86.202","TCP","66","[TCP Dup ACK 64#6] 60336  >  80 [ACK] Seq=1 Ack=1 Win=243 Len=0 TSval=1630555930 TSecr=715694158"
"306","66.137244326","183.87.86.202","192.168.1.106","TCP","66","[TCP Dup ACK 65#6] [TCP ACKed unseen segment] 80  >  60336 [ACK] Seq=1 Ack=2 Win=235 Len=0 TSval=715704397 TSecr=1630443498"
"307","67.914695296","192.168.1.106","91.189.94.4","NTP","90","NTP Version 4, client"
"308","67.922470188","192.168.1.106","117.18.237.29","TCP","66","[TCP Keep-Alive] 40276  >  80 [ACK] Seq=379 Ack=788 Win=30848 Len=0 TSval=571898069 TSecr=1232415405"
"309","67.929330526","117.18.237.29","192.168.1.106","TCP","66","[TCP Keep-Alive ACK] 80  >  40276 [ACK] Seq=788 Ack=380 Win=145920 Len=0 TSval=1232425551 TSecr=571887937"
"310","68.082470638","192.168.1.106","35.162.36.4","TCP","66","[TCP Keep-Alive] 59624  >  443 [ACK] Seq=907 Ack=4060 Win=38656 Len=0 TSval=524431994 TSecr=154313482"
"311","68.083679848","91.189.94.4","192.168.1.106","NTP","90","NTP Version 4, server"
"312","68.502254770","35.162.36.4","192.168.1.106","TCP","66","[TCP Keep-Alive ACK] 443  >  59624 [ACK] Seq=4060 Ack=908 Win=28416 Len=0 TSval=154316062 TSecr=524421991"
"313","69.373164721","192.168.1.106","183.87.86.202","TCP","66","[TCP Previous segment not captured] 60336  >  80 [FIN, ACK] Seq=2 Ack=1 Win=243 Len=0 TSval=1630559173 TSecr=715704397"
"314","69.383001305","183.87.86.202","192.168.1.106","TCP","66","[TCP ACKed unseen segment] 80  >  60336 [FIN, ACK] Seq=1 Ack=3 Win=235 Len=0 TSval=715707640 TSecr=1630559173"
"315","69.383044529","192.168.1.106","183.87.86.202","TCP","66","60336  >  80 [ACK] Seq=3 Ack=2 Win=243 Len=0 TSval=1630559183 TSecr=715707640"
"316","73.723487104","148.251.87.170","192.168.1.106","TCP","66","[TCP Keep-Alive] 80  >  36716 [ACK] Seq=1 Ack=1 Win=255 Len=0 TSval=804741952 TSecr=1045679151"
"317","73.723537892","192.168.1.106","148.251.87.170","TCP","66","[TCP Keep-Alive ACK] 36716  >  80 [ACK] Seq=1 Ack=2 Win=295 Len=0 TSval=1045689500 TSecr=804738794"
"318","77.409767814","192.168.1.107","192.168.1.255","NBNS","92","Name query NB ISATAP<00>"
"319","77.716739524","HonHaiPr_07:4d:5d","Broadcast","ARP","42","Who has 192.168.1.107? Tell 0.0.0.0"
"320","77.717882859","fe80::8c3:5aa8:f336:3bb","ff02::1","ICMPv6","86","Neighbor Advertisement fe80::8c3:5aa8:f336:3bb (ovr) is at 5c:ac:4c:07:4d:5d"
"321","78.166473074","192.168.1.106","117.18.237.29","TCP","66","[TCP Keep-Alive] 40276  >  80 [ACK] Seq=379 Ack=788 Win=30848 Len=0 TSval=571908314 TSecr=1232425551"
"322","78.174073223","117.18.237.29","192.168.1.106","TCP","66","[TCP Keep-Alive ACK] 80  >  40276 [ACK] Seq=788 Ack=380 Win=145920 Len=0 TSval=1232435796 TSecr=571887937"
"323","78.638073887","HonHaiPr_07:4d:5d","Broadcast","ARP","42","Who has 192.168.1.107? Tell 0.0.0.0"
"324","78.678468641","192.168.1.106","35.162.36.4","TCP","66","[TCP Keep-Alive] 59624  >  443 [ACK] Seq=907 Ack=4060 Win=38656 Len=0 TSval=524442591 TSecr=154316062"
"325","79.252138296","35.162.36.4","192.168.1.106","TCP","66","[TCP Keep-Alive ACK] 443  >  59624 [ACK] Seq=4060 Ack=908 Win=28416 Len=0 TSval=154318711 TSecr=524421991"
"326","79.560014173","HonHaiPr_07:4d:5d","Broadcast","ARP","42","Gratuitous ARP for 192.168.1.107 (Request)"
"327","80.485746187","0.0.0.0","255.255.255.255","DHCP","352","DHCP Request  - Transaction ID 0x90c4a09a"
"328","80.490979843","192.168.1.1","255.255.255.255","DHCP","590","DHCP ACK      - Transaction ID 0x90c4a09a"
"329","84.166800378","148.251.87.170","192.168.1.106","TCP","66","[TCP Keep-Alive] 80  >  36716 [ACK] Seq=1 Ack=1 Win=255 Len=0 TSval=804744537 TSecr=1045689500"
"330","84.166834001","192.168.1.106","148.251.87.170","TCP","66","[TCP Keep-Alive ACK] 36716  >  80 [ACK] Seq=1 Ack=2 Win=295 Len=0 TSval=1045699944 TSecr=804738794"
"331","87.855888626","0.0.0.0","255.255.255.255","DHCP","352","DHCP Request  - Transaction ID 0x90c4a09a"
"332","87.861115826","192.168.1.1","255.255.255.255","DHCP","590","DHCP ACK      - Transaction ID 0x90c4a09a"
"333","88.163037881","HonHaiPr_07:4d:5d","Broadcast","ARP","42","Who has 192.168.1.1? Tell 192.168.1.107"
"334","88.402468815","192.168.1.106","117.18.237.29","TCP","66","[TCP Keep-Alive] 40276  >  80 [ACK] Seq=379 Ack=788 Win=30848 Len=0 TSval=571918551 TSecr=1232435796"
"335","88.411625674","117.18.237.29","192.168.1.106","TCP","66","[TCP Keep-Alive ACK] 80  >  40276 [ACK] Seq=788 Ack=380 Win=145920 Len=0 TSval=1232446035 TSecr=571887937"
"336","89.426547232","192.168.1.106","35.162.36.4","TCP","66","[TCP Keep-Alive] 59624  >  443 [ACK] Seq=907 Ack=4060 Win=38656 Len=0 TSval=524453340 TSecr=154318711"
"337","90.004715698","35.162.36.4","192.168.1.106","TCP","66","[TCP Keep-Alive ACK] 443  >  59624 [ACK] Seq=4060 Ack=908 Win=28416 Len=0 TSval=154321399 TSecr=524421991"
"338","94.303814316","35.161.235.177","192.168.1.106","TLSv1.2","97","Application Data"
"339","94.303858116","192.168.1.106","35.161.235.177","TCP","66","39512  >  443 [ACK] Seq=1 Ack=32 Win=326 Len=0 TSval=2769093203 TSecr=301360317"
"340","94.304017129","192.168.1.106","35.161.235.177","TLSv1.2","101","Application Data"
"341","94.324752454","148.251.87.170","192.168.1.106","TCP","66","[TCP Keep-Alive] 80  >  36716 [ACK] Seq=1 Ack=1 Win=255 Len=0 TSval=804747152 TSecr=1045699944"
"342","94.324774614","192.168.1.106","148.251.87.170","TCP","66","[TCP Keep-Alive ACK] 36716  >  80 [ACK] Seq=1 Ack=2 Win=295 Len=0 TSval=1045710103 TSecr=804738794"
"343","94.623414697","35.161.235.177","192.168.1.106","TCP","66","443  >  39512 [ACK] Seq=32 Ack=36 Win=118 Len=0 TSval=301360392 TSecr=2769093203"
"344","96.150280712","192.168.1.107","192.168.1.255","NBNS","92","Name query NB ISATAP<00>"
"345","98.642472231","192.168.1.106","117.18.237.29","TCP","66","[TCP Keep-Alive] 40276  >  80 [ACK] Seq=379 Ack=788 Win=30848 Len=0 TSval=571928792 TSecr=1232446035"
"346","98.652011576","117.18.237.29","192.168.1.106","TCP","66","[TCP Keep-Alive ACK] 80  >  40276 [ACK] Seq=788 Ack=380 Win=145920 Len=0 TSval=1232456276 TSecr=571887937"
"347","100.182476964","192.168.1.106","35.162.36.4","TCP","66","[TCP Keep-Alive] 59624  >  443 [ACK] Seq=907 Ack=4060 Win=38656 Len=0 TSval=524464097 TSecr=154321399"
"348","100.755343376","35.162.36.4","192.168.1.106","TCP","66","[TCP Keep-Alive ACK] 443  >  59624 [ACK] Seq=4060 Ack=908 Win=28416 Len=0 TSval=154324088 TSecr=524421991"
"349","102.907014652","192.168.1.107","192.168.1.255","NBNS","92","Name query NB ISATAP<00>"
"350","103.215963953","HonHaiPr_07:4d:5d","Broadcast","ARP","42","Who has 192.168.1.107? Tell 0.0.0.0"
"351","103.217018508","HonHaiPr_07:4d:5d","Broadcast","ARP","42","Who has 192.168.1.1? Tell 192.168.1.107"
"352","103.218369581","fe80::8c3:5aa8:f336:3bb","ff02::1","ICMPv6","86","Neighbor Advertisement fe80::8c3:5aa8:f336:3bb (ovr) is at 5c:ac:4c:07:4d:5d"
"353","103.826639705","192.168.1.107","192.168.1.255","NBNS","92","Name query NB ISATAP<00>"
"354","104.133780192","HonHaiPr_07:4d:5d","Broadcast","ARP","42","Who has 192.168.1.107? Tell 0.0.0.0"
"355","104.769820544","148.251.87.170","192.168.1.106","TCP","66","[TCP Keep-Alive] 80  >  36716 [ACK] Seq=1 Ack=1 Win=255 Len=0 TSval=804749696 TSecr=1045710103"
"356","104.769853958","192.168.1.106","148.251.87.170","TCP","66","[TCP Keep-Alive ACK] 36716  >  80 [ACK] Seq=1 Ack=2 Win=295 Len=0 TSval=1045720549 TSecr=804738794"
"357","105.054869638","HonHaiPr_07:4d:5d","Broadcast","ARP","42","Gratuitous ARP for 192.168.1.107 (Request)"
"358","105.810565803","192.168.1.106","148.251.87.170","TCP","66","[TCP Keep-Alive] 36716  >  80 [ACK] Seq=0 Ack=2 Win=295 Len=0 TSval=1045721590 TSecr=804738794"
"359","105.979287743","0.0.0.0","255.255.255.255","DHCP","352","DHCP Request  - Transaction ID 0xc13359f0"
"360","105.986657988","192.168.1.1","255.255.255.255","DHCP","590","DHCP ACK      - Transaction ID 0xc13359f0"
"361","105.986730956","148.251.87.170","192.168.1.106","TCP","66","[TCP Keep-Alive ACK] 80  >  36716 [ACK] Seq=2 Ack=1 Win=255 Len=0 TSval=804750059 TSecr=1045720549"
"362","106.286374877","HonHaiPr_07:4d:5d","Broadcast","ARP","42","Who has 192.168.1.1? Tell 192.168.1.107"
"363","107.205549631","192.168.1.107","192.168.1.255","NBNS","92","Name query NB ISATAP<00>"
"364","108.127104723","192.168.1.107","192.168.1.255","NBNS","92","Name query NB ISATAP<00>"
"365","108.741454720","192.168.1.107","192.168.1.255","NBNS","92","Name query NB ISATAP<00>"
"366","108.882477620","192.168.1.106","117.18.237.29","TCP","66","[TCP Keep-Alive] 40276  >  80 [ACK] Seq=379 Ack=788 Win=30848 Len=0 TSval=571939033 TSecr=1232456276"
"367","108.895752933","117.18.237.29","192.168.1.106","TCP","66","[TCP Keep-Alive ACK] 80  >  40276 [ACK] Seq=788 Ack=380 Win=145920 Len=0 TSval=1232466517 TSecr=571887937"
"368","110.930467740","192.168.1.106","35.162.36.4","TCP","66","[TCP Keep-Alive] 59624  >  443 [ACK] Seq=907 Ack=4060 Win=38656 Len=0 TSval=524474846 TSecr=154324088"
"369","111.505653912","35.162.36.4","192.168.1.106","TCP","66","[TCP Keep-Alive ACK] 443  >  59624 [ACK] Seq=4060 Ack=908 Win=28416 Len=0 TSval=154326775 TSecr=524421991"
"370","114.002461045","IntelCor_47:5c:93","BestItWo_bc:b1:20","ARP","42","Who has 192.168.1.1? Tell 192.168.1.106"
"371","114.004313134","BestItWo_bc:b1:20","IntelCor_47:5c:93","ARP","42","192.168.1.1 is at 00:1e:a6:bc:b1:20"
"372","115.194997250","148.251.87.170","192.168.1.106","TCP","66","[TCP Keep-Alive] 80  >  36716 [ACK] Seq=1 Ack=1 Win=255 Len=0 TSval=804752300 TSecr=1045720549"
"373","115.195040951","192.168.1.106","148.251.87.170","TCP","66","[TCP Keep-Alive ACK] 36716  >  80 [ACK] Seq=1 Ack=2 Win=295 Len=0 TSval=1045730975 TSecr=804750059"
"374","117.036664702","HonHaiPr_07:4d:5d","Broadcast","ARP","42","Who has 192.168.1.1? Tell 192.168.1.107"
"375","118.877891745","117.18.237.29","192.168.1.106","TCP","66","[TCP Keep-Alive] 80  >  40276 [ACK] Seq=787 Ack=380 Win=145920 Len=0 TSval=1232476432 TSecr=571887937"
"376","118.877926433","192.168.1.106","117.18.237.29","TCP","66","[TCP Keep-Alive ACK] 40276  >  80 [ACK] Seq=380 Ack=788 Win=30848 Len=0 TSval=571949029 TSecr=1232466517"
"377","119.122470143","192.168.1.106","117.18.237.29","TCP","66","[TCP Keep-Alive] 40276  >  80 [ACK] Seq=379 Ack=788 Win=30848 Len=0 TSval=571949274 TSecr=1232466517"
"378","119.131417923","117.18.237.29","192.168.1.106","TCP","66","[TCP Keep-Alive ACK] 80  >  40276 [ACK] Seq=788 Ack=380 Win=145920 Len=0 TSval=1232476756 TSecr=571949029"
"379","121.682472147","192.168.1.106","35.162.36.4","TCP","66","[TCP Keep-Alive] 59624  >  443 [ACK] Seq=907 Ack=4060 Win=38656 Len=0 TSval=524485599 TSecr=154326775"
"380","122.257922205","35.162.36.4","192.168.1.106","TCP","66","[TCP Keep-Alive ACK] 443  >  59624 [ACK] Seq=4060 Ack=908 Win=28416 Len=0 TSval=154329463 TSecr=524421991"
"381","125.665678246","148.251.87.170","192.168.1.106","TCP","66","[TCP Keep-Alive] 80  >  36716 [ACK] Seq=1 Ack=1 Win=255 Len=0 TSval=804754912 TSecr=1045730975"
"382","125.665712518","192.168.1.106","148.251.87.170","TCP","66","[TCP Keep-Alive ACK] 36716  >  80 [ACK] Seq=1 Ack=2 Win=295 Len=0 TSval=1045741446 TSecr=804750059"
"383","129.362470694","192.168.1.106","117.18.237.29","TCP","66","[TCP Keep-Alive] 40276  >  80 [ACK] Seq=379 Ack=788 Win=30848 Len=0 TSval=571959514 TSecr=1232476756"
"384","129.370799077","117.18.237.29","192.168.1.106","TCP","66","[TCP Keep-Alive ACK] 80  >  40276 [ACK] Seq=788 Ack=380 Win=145920 Len=0 TSval=1232486997 TSecr=571949029"
"385","132.438516196","192.168.1.106","35.162.36.4","TCP","66","[TCP Keep-Alive] 59624  >  443 [ACK] Seq=907 Ack=4060 Win=38656 Len=0 TSval=524496356 TSecr=154329463"
"386","133.016576903","35.162.36.4","192.168.1.106","TCP","66","[TCP Keep-Alive ACK] 443  >  59624 [ACK] Seq=4060 Ack=908 Win=28416 Len=0 TSval=154332152 TSecr=524421991"
"387","136.080367461","148.251.87.170","192.168.1.106","TCP","66","[TCP Keep-Alive] 80  >  36716 [ACK] Seq=1 Ack=1 Win=255 Len=0 TSval=804757528 TSecr=1045741446"
"388","136.080403822","192.168.1.106","148.251.87.170","TCP","66","[TCP Keep-Alive ACK] 36716  >  80 [ACK] Seq=1 Ack=2 Win=295 Len=0 TSval=1045751862 TSecr=804750059"
"389","139.602578658","192.168.1.106","117.18.237.29","TCP","66","[TCP Keep-Alive] 40276  >  80 [ACK] Seq=379 Ack=788 Win=30848 Len=0 TSval=571969755 TSecr=1232486997"
"390","139.610402746","117.18.237.29","192.168.1.106","TCP","66","[TCP Keep-Alive ACK] 80  >  40276 [ACK] Seq=788 Ack=380 Win=145920 Len=0 TSval=1232497238 TSecr=571949029"
"391","143.190472405","192.168.1.106","35.162.36.4","TCP","66","[TCP Keep-Alive] 59624  >  443 [ACK] Seq=907 Ack=4060 Win=38656 Len=0 TSval=524507108 TSecr=154332152"
"392","143.759103876","35.162.36.4","192.168.1.106","TCP","66","[TCP Keep-Alive ACK] 443  >  59624 [ACK] Seq=4060 Ack=908 Win=28416 Len=0 TSval=154334840 TSecr=524421991"
"393","146.523853040","148.251.87.170","192.168.1.106","TCP","66","[TCP Keep-Alive] 80  >  36716 [ACK] Seq=1 Ack=1 Win=255 Len=0 TSval=804760127 TSecr=1045751862"
"394","146.523903767","192.168.1.106","148.251.87.170","TCP","66","[TCP Keep-Alive ACK] 36716  >  80 [ACK] Seq=1 Ack=2 Win=295 Len=0 TSval=1045762306 TSecr=804750059"
"395","149.842570150","192.168.1.106","117.18.237.29","TCP","66","[TCP Keep-Alive] 40276  >  80 [ACK] Seq=379 Ack=788 Win=30848 Len=0 TSval=571979996 TSecr=1232497238"
"396","149.853077448","117.18.237.29","192.168.1.106","TCP","66","[TCP Keep-Alive ACK] 80  >  40276 [ACK] Seq=788 Ack=380 Win=145920 Len=0 TSval=1232507480 TSecr=571949029"
"397","150.866600852","192.168.1.106","148.251.87.170","TCP","66","[TCP Keep-Alive] 36716  >  80 [ACK] Seq=0 Ack=2 Win=295 Len=0 TSval=1045766649 TSecr=804750059"
"398","151.037280772","148.251.87.170","192.168.1.106","TCP","66","[TCP Keep-Alive ACK] 80  >  36716 [ACK] Seq=2 Ack=1 Win=255 Len=0 TSval=804761323 TSecr=1045762306"
"399","153.942483577","192.168.1.106","35.162.36.4","TCP","66","[TCP Keep-Alive] 59624  >  443 [ACK] Seq=907 Ack=4060 Win=38656 Len=0 TSval=524517861 TSecr=154334840"
"400","154.510348421","35.162.36.4","192.168.1.106","TCP","66","[TCP Keep-Alive ACK] 443  >  59624 [ACK] Seq=4060 Ack=908 Win=28416 Len=0 TSval=154337529 TSecr=524421991"
"401","156.967863429","148.251.87.170","192.168.1.106","TCP","66","[TCP Keep-Alive] 80  >  36716 [ACK] Seq=1 Ack=1 Win=255 Len=0 TSval=804762739 TSecr=1045762306"
"402","156.967897423","192.168.1.106","148.251.87.170","TCP","66","[TCP Keep-Alive ACK] 36716  >  80 [ACK] Seq=1 Ack=2 Win=295 Len=0 TSval=1045772751 TSecr=804761323"
"403","159.058588049","IntelCor_47:5c:93","BestItWo_bc:b1:20","ARP","42","Who has 192.168.1.1? Tell 192.168.1.106"
"404","159.060226157","BestItWo_bc:b1:20","IntelCor_47:5c:93","ARP","42","192.168.1.1 is at 00:1e:a6:bc:b1:20"
"405","160.082545256","192.168.1.106","117.18.237.29","TCP","66","[TCP Keep-Alive] 40276  >  80 [ACK] Seq=379 Ack=788 Win=30848 Len=0 TSval=571990237 TSecr=1232507480"
"406","160.094770326","117.18.237.29","192.168.1.106","TCP","66","[TCP Keep-Alive ACK] 80  >  40276 [ACK] Seq=788 Ack=380 Win=145920 Len=0 TSval=1232517720 TSecr=571949029"
"407","164.690588268","192.168.1.106","35.162.36.4","TCP","66","[TCP Keep-Alive] 59624  >  443 [ACK] Seq=907 Ack=4060 Win=38656 Len=0 TSval=524528610 TSecr=154337529"
"408","165.261637761","35.162.36.4","192.168.1.106","TCP","66","[TCP Keep-Alive ACK] 443  >  59624 [ACK] Seq=4060 Ack=908 Win=28416 Len=0 TSval=154340216 TSecr=524421991"
"409","165.569392722","HonHaiPr_07:4d:5d","Broadcast","ARP","42","Who has 192.168.1.1? Tell 192.168.1.107"
